{"personalization_metadata_key":{},"abt_experiments_key":[],"configs_key":{"fpr_vc_trace_sampling_rate":"1.0","fpr_log_source":"462","fpr_rl_network_request_event_count_fg":"700","fpr_rl_trace_event_count_bg":"30","fpr_session_gauge_cpu_capture_frequency_bg_ms":"0","fpr_log_transport_android_percent":"100.0","fpr_session_gauge_memory_capture_frequency_bg_ms":"0","fpr_vc_fragment_sampling_rate":"0.1","fpr_log_endpoint_url":"https://firebaselogging.googleapis.com/v0cc/log?format=json_proto","fpr_disabled_ios_versions":"","fpr_log_transport_key":"AIzaSyCx80ru6-RXeTi3GvqkFsMVyMf-vpgIoVw","fpr_disabled_web_versions":"","fpr_rl_network_request_event_count_bg":"70","fpr_experiment_app_start_ttid":"true","fpr_session_gauge_memory_capture_frequency_fg_ms":"100","fpr_vc_session_sampling_rate":"1.3982194206319178E-7","fpr_enabled":"true","fpr_session_gauge_cpu_capture_frequency_fg_ms":"100","fpr_session_max_length_min":"240","fpr_disabled_android_versions":"","fpr_vc_network_request_sampling_rate":"1.0","fpr_log_transport_ios_percent":"100.0","fpr_rl_trace_event_count_fg":"300","fpr_rl_time_limit_sec":"600"},"fetch_time_key":1709003173701}