{"Fid":"eLrnHzhaS1uQdKOBH5Ok7i","Status":3,"RefreshToken":"3_AS3qfwIkU1f2huuAPXSzCWax82qSDSaxlMB8yLYlKMR_g4kBCsjf9tJXnbZh0xfp_viI5FZE-0twB7iXhRAwucg17lP1wSWELMO1tx6N_5fhfiQ","AuthToken":"eyJhbGciOiJFUzI1NiIsInR5cCI6IkpXVCJ9.eyJhcHBJZCI6IjE6MTkzNjY0MjQ4NjkxOmFuZHJvaWQ6ZjYyYTI5ZmY1MTVkMzE2YjViMzMwNiIsImV4cCI6MTcwOTYwNzk1MiwiZmlkIjoiZUxybkh6aGFTMXVRZEtPQkg1T2s3aSIsInByb2plY3ROdW1iZXIiOjE5MzY2NDI0ODY5MX0.AB2LPV8wRQIhANrIyUBhmWGbELO6D6fUj1eaNpa7mU5fM3lRTM1SZCSuAiAqv4nN4jFT0yIeMwiLul2HQs3M-5NopAC-Og0B3scmkg","TokenCreationEpochInSecs":1709003155,"ExpiresInSecs":604800}