<?xml version='1.0' encoding='utf-8' standalone='yes' ?>
<map>
    <long name="first_open_time" value="1709003154494" />
    <string name="gmp_app_id">1:193664248691:android:f62a29ff515d316b5b3306</string>
    <string name="app_instance_id">a51e7f5e8dc77bf125a604bee99912b4</string>
    <long name="session_id" value="1709003155" />
    <boolean name="app_backgrounded" value="true" />
    <long name="health_monitor:start" value="1709003155356" />
    <boolean name="use_service" value="true" />
    <boolean name="deferred_analytics_collection" value="false" />
    <string name="previous_os_version">10</string>
    <boolean name="has_been_opened" value="true" />
    <boolean name="allow_remote_dynamite" value="true" />
    <long name="last_pause_time" value="1709003188204" />
    <boolean name="start_new_session" value="false" />
</map>
